{
  "engine":[
  {
    "engine_1":{
		  "name":"puppy",
      "key":"AIzaSyCieQLOf0-4RILST4Eivz7CjdOp-4cCUOE",
		  "cx":"009989704776709960942:xgqpl9qptva"
		}
  },
  {
    "engine_2":{
		  "name":"kitty",
      "key":"AIzaSyBOZPZglt0ixHOgvhGcs5TYpfPiH_g_rs0",
		  "cx":"002413314084385616995:haflnt-uln4"
		}
  },
  {
    "engine_3":{
		  "name":"bunny",
      "key":"AIzaSyDg-FsAa9dydbk_Af0tvLcfm3RVmINeHqA",
		  "cx":"003251852312936128831:jaoh4nn9qre"
		}
  },
  {
    "engine_4":{
		  "name":"piggy",
      "key":"AIzaSyCWTu2wdLyXGFqlJqiuUxVxFJ8ZP8EV6vI",
		  "cx":"015480823077468937279:dkgrg1lftbs"
		}
  }
]}
